{
  "required": true,
  "minVersion": "0.8",
  "compatibilityLevel": "JAVA_8",
  "package": "msifeed.misca.mixins",
  "refmap": "misca.refmap.json",
  "mixins": [
    "flan.ItemGunMixin",
    "tconstruct.BowCoreMixin",
    "tconstruct.CrossbowMixin",
    "techguns.GenericGunMixin",
    "techguns.ReloadStartedMessageMixin",
    "thaumcraft.ItemCasterMixin",
    "thaumcraft.ThaumcraftApiMixin",
    "thebetweenlands.ElixirEffectMixin",
    "wizardry.EntityMagicConstructMixin",
    "wizardry.ItemScrollMixin",
    "wizardry.ItemWandMixin"
  ]
}
