{
  "required": true,
  "minVersion": "0.8",
  "compatibilityLevel": "JAVA_8",
  "package": "msifeed.misca.mixins",
  "refmap": "misca.refmap.json",
  "mixins": [
    "AdvancementManagerMixin",
    "EnchantmentHelperMixin",
    "EntityLivingBaseMixin",
    "MinecraftServerMixin",
    "ModelRendererMixin",
    "NBTTagLongArrayMixin",
    "PlayerListMixin",
    "PotionMixin",
    "SimpleChannelHandlerWrapperMixin"
  ],
  "client": [
    "client.GuiChatMixin",
    "client.GuiIngameMixin",
    "client.RenderMixin",
    "client.UnpackedBakedQuadMixin"
  ]
}
