{
  "neutralDamageFactor": 0.0,
  "neutralFireDamageFactor": -0.5,
  "damageIncreaseMeleePerStr": 0.04,
  "damageIncreaseRangePerStr": 0.02,
  "damageAbsorptionPerEnd": 0.02,
  "magicCloseRangeDistance": 2.0,
  "magicCloseRangeSpreadChance": 0.25,
  "magicCloseRangeMissChance": 0.25,
  "minAttackChance": 0.1,
  "maxAttackChance": 0.8,
  "hitChanceBase": 0.25,
  "hitChanceMeleePerPer": 0.015,
  "hitChanceRangePerPer": 0.03,
  "hitChancePerLck": 0.005,
  "hitChanceRangeCorrectionApThreshold": 5.0,
  "hitChanceRangeCorrectionPerAp": 0.03,
  "hitChanceRangeCorrectionDistanceThreshold": 5.0,
  "evasionChanceBase": 0.25,
  "evasionChancePerRef": 0.03,
  "evasionChancePerLck": 0.005,
  "evasionMeleeShieldBonus": 0.25,
  "evasionMeleeWithRangedPenalty": 0.2,
  "coverPerBlock": 0.5,
  "criticalityPerChance": 0.1,
  "criticalHitBase": 0.01,
  "criticalHitPerPer": 0.0025,
  "criticalHitPerLck": 0.0075,
  "criticalEvasionBase": 0.01,
  "criticalEvasionPerEnd": 0.0025,
  "criticalEvasionPerLck": 0.0075,
  "attackApBase": 2.0,
  "attackApSpeedFactor": 1.0,
  "movementApFactor": 1.0,
  "movementApRiseFactor": 1.0,
  "movementApDescentFactor": 0.0,
  "movementApSpeedFactor": 1.0,
  "usageApBase": 5.0,
  "apPerMoveBase": 5.0,
  "apPerMovePerAgi": 1.0,
  "maxApBase": 0.0,
  "maxApPerAgi": 4.0,
  "potionTicks": 200,
  "finishTurnDelayMillis": 1000
}