{
  "chat": {
    "wikiUrlBase": "https://wiki.ariadna.su/w/",
    "offtopRange": 15,
    "rollRange": 15,
    "speechRanges": [
      2,
      5,
      15,
      30,
      60
    ],
    "garble": {
      "thresholdPart": 0.6,
      "gray": 0.5,
      "darkGray": 0.7,
      "miss": 0.9
    }
  },
  "environ": {
    "0": {
      "rain": {
        "income": 0,
        "outcome": 1,
        "thunder": 10000,
        "min": 1000,
        "max": 5000,
        "dice": 0
      },
      "time": {
        "timezone": "+03:00",
        "scale": 0.0
      }
    }
  },
  "locks": {
    "tileless": {
      "minecraft:trapdoor": "single",
      "minecraft:chest": "adjacent",
      "minecraft:wooden_door": "door",
      "minecraft:trapped_chest": "adjacent"
    },
    "setupKeysCount": 2,
    "defaultPinPositions": 3,
    "pinPickChanceBase": 0.5,
    "pinPickChancePosMod": 0.01,
    "pickBreakChance": 0.05
  },
  "charstate": {
    "globalMiningSpeedModifier": 0.5,
    "integrityRestPerSec": 1.6E-5,
    "integrityCostPerDamage": 1.0,
    "sanityRestPerFood": 1.0,
    "sanityRestPerSpeechChar": 0.001,
    "sanityRestModPerPsySkill": 0.15,
    "sanityCostPerSec": 2.7E-5,
    "sanityCostPerSecInDarkness": 5.5E-5,
    "sanityCostPerDamage": 0.1,
    "staminaRestPerSec": 0.0014,
    "staminaRestTimeoutSec": 2.0,
    "staminaCostPerMiningTick": 0.01,
    "staminaCostPerIngredient": 0.5,
    "corruptionLostPerSec": 1.15E-6,
    "effortRestPerSec": 2.7E-4,
    "survivalSkillNeedsLostFactor": -0.15,
    "survivalSkillEffortsRestFactor": 0.15,
    "workSkillMiningSpeedFactor": 0.33,
    "workSkillCraftCostFactor": -0.02
  }
}