{
	"parent": "item/generated",
	"textures": {
		"layer0": "stewitems:items/music_harp"
	},
	"display": {
		"thirdperson_righthand": {
			"rotation": [0, -90, -25],
			"translation": [0, 0, -4],
			"scale": [1.0, 1.0, 1.0]
		},
		"thirdperson_lefthand": {
			"rotation": [0, 90, 25],
			"translation": [0, 0, -4],
			"scale": [1.0, 1.0, 1.0]
		},
		"firstperson_righthand": {
			"rotation": [0, -90, 25],
			"translation": [1.13, 3.2, 1.13],
			"scale": [0.68, 0.68, 0.68]
		},
		"firstperson_lefthand": {
			"rotation": [0, 90, -25],
			"translation": [1.13, 3.2, 1.13],
			"scale": [0.68, 0.68, 0.68]
		}
	}
}