{
	"parent": "item/generated",
	"textures": {
		"layer0": "stewitems:items/music_violin"
	},
	"display": {
		"thirdperson_righthand": {
			"rotation": [90, 0, -120],
			"translation": [0, 0, 3.5],
			"scale": [1, 1, 1]
		},
		"thirdperson_lefthand": {
			"rotation": [90, 0, 150],
			"translation": [0, 0, 3.5],
			"scale": [1, 1, 1]
		},
		"firstperson_righthand": {
			"rotation": [0, -90, 25],
			"translation": [1.13, 3.2, 1.13],
			"scale": [0.68, 0.68, 0.68]
		},
		"firstperson_lefthand": {
			"rotation": [0, 90, -25],
			"translation": [1.13, 3.2, 1.13],
			"scale": [0.68, 0.68, 0.68]
		}
	}
}