{
	"parent": "item/generated",
	"textures": {
		"layer0": "stewitems:items/music_banjo"
	},
	"display": {
		"thirdperson_righthand": {
			"rotation": [90, 180, -20],
			"translation": [-5, 0, 2],
			"scale": [1.25, 1.25, 1.25]
		},
		"thirdperson_lefthand": {
			"rotation": [90, 180, -120],
			"translation": [-5, 0, 2],
			"scale": [1.25, 1.25, 1.25]
		},
		"firstperson_righthand": {
			"rotation": [0, 0, 125],
			"translation": [-4, 2, 1],
			"scale": [1.25, 1.25, 1.25]
		},
		"firstperson_lefthand": {
			"rotation": [0, 0, 25],
			"translation": [-4, 2, 1],
			"scale": [1.25, 1.25, 1.25]
		}
	}
}